<?xml version="1.0" encoding="UTF-8"?>
<!DOCTYPE hibernate-mapping PUBLIC "-//Hibernate/Hibernate Mapping DTD 3.0//EN" "http://hibernate.sourceforge.net/hibernate-mapping-3.0.dtd">
<hibernate-mapping>

<class name="datos.Perfil" table="perfil">
    <id column="idPerfil" name="idPerfil">
      <generator class="identity"/>
    </id>
     <property column="tipo" name="tipo" type="string"/>
     
     <set name="usuarios" cascade="save-update" table="usuario" order-by="idUsuario asc" inverse="true"
	lazy="true" fetch="select">
	<key column="idUsuario" not-null="true" />
	<one-to-many class="datos.Usuario" />
	</set>
	
</class>    
</hibernate-mapping>
