<?xml version="1.0" encoding="UTF-8"?>
<!DOCTYPE hibernate-mapping PUBLIC "-//Hibernate/Hibernate Mapping DTD 3.0//EN" "http://hibernate.sourceforge.net/hibernate-mapping-3.0.dtd">
<hibernate-mapping>

<class name="datos.Usuario" table="usuario">
    <id column="idUsuario" name="idUsuario">
      <generator class="identity"/>
    </id>
     <property column="nombre" name="nombre" type="string"/>
    <property column="apellido" name="apellido" type="string"/>
    <property column="tipoDocumento" name="tipoDocumento" type="string"/>
    <property column="numeroDocumento" name="numeroDocumento" type="int"/>
    <property column="email" name="email" type="string"/>
    <property column="nomUsuario" name="nomUsuario" type="string"/>
    <property column="contraseña" name="contraseña" type="string"/>
    
    <many-to-one name="perfil" class="datos.Perfil"
            column="idPerfil" not-null="true"/>
    
</class>    
</hibernate-mapping>
